Temperature,File,Rows,Columns,Missing Values,Duplicate Rows
0degC,589_Charge4.csv,205,15,205,3
0degC,590_Charge15.csv,205,15,205,0
0degC,589_Charge7.csv,206,15,206,2
0degC,590_Charge11.csv,205,15,205,3
0degC,589_Charge1.csv,131,15,131,2
0degC,589_US06.csv,33806,15,33806,0
0degC,589_Charge6.csv,205,15,205,3
0degC,590_Mixed4.csv,68027,15,68027,1
0degC,589_Cap_1C.csv,366,15,366,2
0degC,589_Charge3.csv,206,15,206,2
0degC,585_HPPC.csv,40219,15,40219,188
0degC,585_Dis_0p5C.csv,310,15,310,2
0degC,585_C20DisCh.csv,2244,15,2244,1
0degC,589_Charge8.csv,206,15,206,2
0degC,590_Mixed7.csv,61540,15,61540,1
0degC,589_LA92.csv,81577,15,81577,0
0degC,589_Mixed1.csv,67312,15,67312,1
0degC,590_Charge14.csv,205,15,205,2
0degC,589_Charge5.csv,206,15,206,3
0degC,590_Charge12.csv,205,15,205,2
0degC,590_Mixed5.csv,64995,15,64995,1
0degC,590_Charge10.csv,208,15,208,0
0degC,590_Charge16.csv,153,15,153,1
0degC,585_Dis_2C.csv,230,15,230,2
0degC,590_Mixed6.csv,62483,15,62483,0
0degC,589_Mixed2.csv,72303,15,72303,0
0degC,589_Charge2.csv,207,15,207,2
0degC,589_HWFET.csv,49678,15,49678,1
0degC,590_Charge13.csv,205,15,205,2
0degC,589_UDDS.csv,140435,15,140435,2
0degC,590_Mixed8.csv,75838,15,75838,0
0degC,590_PausCycl.csv,26301,15,26301,1
10degC,571_Mixed8.csv,81422,15,81422,0
10degC,571_Charge13.csv,206,15,206,3
10degC,576_UDDS.csv,148898,15,148898,1
10degC,567_Mixed1.csv,72329,15,72329,1
10degC,567_Charge6.csv,207,15,207,2
10degC,582_LA92.csv,90740,15,90759,202
10degC,571_Mixed4.csv,73929,15,73929,1
10degC,571_Cap_1C.csv,368,15,368,1
10degC,576_Charge1.csv,130,15,130,1
10degC,571_Charge10.csv,208,15,208,3
10degC,571_PausCycl.csv,27831,15,27831,1
10degC,571_Mixed6.csv,73921,15,73921,1
10degC,575_C20DisCh.csv,2337,15,2337,1
10degC,571_Mixed5.csv,67174,15,67174,1
10degC,567_Mixed2.csv,77752,15,77752,1
10degC,575_Dis_0p5C.csv,318,15,318,3
10degC,571_Charge16.csv,152,15,152,3
10degC,576_Cap_1C.csv,375,15,375,0
10degC,571_Charge11.csv,206,15,206,0
10degC,576_HWFET.csv,52878,15,52878,1
10degC,575_Dis_2C.csv,236,15,236,3
10degC,576_Charge3.csv,206,15,206,2
10degC,567_US06.csv,38718,15,38718,0
10degC,567_Charge7.csv,208,15,208,2
10degC,571_Charge15.csv,206,15,206,3
10degC,571_Mixed7.csv,69325,15,69325,1
10degC,571_Charge12.csv,205,15,205,2
10degC,571_Charge14.csv,206,15,206,3
10degC,575_HPPC.csv,44219,15,44219,206
10degC,567_Charge8.csv,208,15,208,2
10degC,576_Charge4.csv,206,15,206,2
10degC,576_Charge2.csv,209,15,209,3
25degC,549_C20DisCh.csv,2423,15,2423,2
25degC,551_Charge7.csv,210,15,210,3
25degC,551_Charge2.csv,213,15,213,1
25degC,551_Charge8.csv,211,15,211,2
25degC,549_Dis_2C.csv,27,15,27,0
25degC,549_Dis_0p5C.csv,111,15,111,0
25degC,551_Mixed1.csv,77227,15,77227,1
25degC,551_LA92.csv,100764,15,100764,1
25degC,551_HWFET.csv,6002,15,6002,0
25degC,551_Charge4.csv,130,15,130,0
25degC,549_HPPC.csv,48048,15,48048,233
25degC,549_Charge.csv,855,14,0,12
25degC,551_Charge3.csv,210,15,210,2
25degC,551_Charge1.csv,130,15,130,1
25degC,551_Cap_1C.csv,397,15,397,2
25degC,551_Mixed2.csv,79172,15,79172,1
25degC,551_Charge5.csv,210,15,210,2
25degC,551_Charge6.csv,210,15,210,1
25degC,552_Charge14.csv,209,15,209,2
25degC,552_Mixed5.csv,72184,15,72184,0
25degC,552_Mixed7.csv,73235,15,73235,1
25degC,551_US06.csv,40155,15,40155,1
25degC,552_Charge12.csv,209,15,209,2
25degC,552_Charge10.csv,209,15,209,2
25degC,551_UDDS.csv,159646,15,159646,0
25degC,552_PausCycl.csv,63019,15,63019,4
25degC,552_Charge9.csv,213,15,213,2
25degC,552_Charge15.csv,209,15,209,1
25degC,552_Mixed3.csv,73827,15,73827,0
25degC,552_Mixed8.csv,85915,15,85915,0
25degC,552_Charge16.csv,128,15,128,1
25degC,552_Charge13.csv,209,15,209,1
25degC,552_Cap_1C.csv,393,15,393,2
25degC,552_Mixed6.csv,78106,15,78106,1
25degC,552_Mixed4.csv,80850,15,80850,0
25degC,552_Charge11.csv,209,15,209,3
40degC,556_Charge4.csv,209,15,209,3
40degC,556_Charge7.csv,209,15,209,2
40degC,555_Dis_0p5C.csv,318,15,318,2
40degC,556_LA92.csv,98637,15,98637,1
40degC,557_Charge9.csv,208,15,208,1
40degC,562_Charge11.csv,144,15,144,3
40degC,555_C20DisCh.csv,2342,15,2342,0
40degC,562_Charge12.csv,143,15,143,2
40degC,555_Dis_2C.csv,238,15,238,2
40degC,562_Charge13.csv,144,15,144,1
40degC,556_Mixed2.csv,78956,15,78956,1
40degC,556_HWFET.csv,55910,15,55910,1
40degC,556_Charge6.csv,209,15,209,2
40degC,556_Charge5.csv,209,15,209,2
40degC,555_HPPC.csv,44519,15,44519,217
40degC,557_Cap_1C.csv,369,15,369,2
40degC,556_Mixed1.csv,75341,15,75341,0
40degC,557_Charge10.csv,33,15,33,0
40degC,562_Charge10.csv,432,15,432,1
40degC,556_Charge3.csv,209,15,209,3
40degC,556_US06.csv,39961,15,39961,1
40degC,556_Charge1.csv,131,15,131,2
40degC,556_Charge2.csv,212,15,212,3
40degC,556_UDDS.csv,158956,15,158956,1
40degC,556_Charge8.csv,210,15,210,3
40degC,557_Mixed3.csv,67625,15,67625,0
40degC,562_Mixed6.csv,11761,15,11761,1
40degC,562_Charge16.csv,135,15,135,2
40degC,562_Mixed7.csv,7848,15,7848,1
40degC,562_Charge15.csv,144,15,144,2
40degC,562_PausCycl.csv,7925,15,7925,1
40degC,562_Charge14.csv,143,15,143,3
40degC,562_Mixed5.csv,13087,15,13087,1
40degC,562_Mixed8.csv,14385,15,14385,1
40degC,562_Mixed4.csv,11327,15,11327,1
n10degC,596_Charge3.csv,202,15,202,1
n10degC,604_Charge15.csv,201,15,201,2
n10degC,601_Charge8.csv,202,15,202,2
n10degC,593_Dis_0p5C.csv,302,15,302,2
n10degC,604_Charge13.csv,201,15,201,3
n10degC,593_C20DisCh.csv,2206,15,2206,1
n10degC,596_Charge4.csv,202,15,202,1
n10degC,604_Charge9.csv,204,15,204,2
n10degC,604_Charge10.csv,202,15,202,2
n10degC,593_Dis_2C.csv,219,15,219,2
n10degC,601_Mixed2.csv,65254,15,65254,1
n10degC,604_Charge14.csv,201,15,201,1
n10degC,602_Charge12.csv,201,15,201,2
n10degC,596_Charge1.csv,131,15,131,2
n10degC,596_UDDS.csv,123602,15,123602,1
n10degC,602_Cap_1C.csv,337,15,337,2
n10degC,602_Charge11.csv,202,15,202,1
n10degC,604_Charge17.csv,140,15,140,3
n10degC,604_PausCycl.csv,22150,15,22150,1
n10degC,601_Charge6.csv,201,15,201,2
n10degC,596_Charge5.csv,202,15,202,2
n10degC,596_Charge2.csv,204,15,204,2
n10degC,604_Mixed7.csv,55940,15,55940,1
n10degC,604_Mixed3.csv,55214,15,55214,0
n10degC,596_HWFET.csv,44903,15,44903,0
n10degC,593_HPPC.csv,40084,15,40084,183
n10degC,604_Charge16.csv,153,15,153,2
n10degC,596_Cap_1C.csv,341,15,341,2
n10degC,601_Charge7.csv,201,15,201,3
n10degC,602_Charge10.csv,203,15,203,1
n10degC,601_Mixed1.csv,62622,15,62622,1
n10degC,602_Mixed4.csv,65677,15,65677,4160
n10degC,596_LA92.csv,72098,15,72098,1
n10degC,602_Charge17.csv,131,15,131,3
n10degC,604_Mixed6.csv,55968,15,55968,1
n10degC,602_Mixed5.csv,60087,15,60087,1
n10degC,604_Mixed8.csv,67325,15,67325,0
n10degC,601_US06.csv,31913,15,31913,1
n20degC,607_Dis_0p5C.csv,283,15,283,1
n20degC,610_Charge4.csv,190,15,190,3
n20degC,607_Dis_2C.csv,199,15,199,3
n20degC,610_Charge2.csv,193,15,193,2
n20degC,610_LA92.csv,52485,15,52485,0
n20degC,610_Charge6.csv,191,15,191,2
n20degC,610_Charge1.csv,130,15,130,3
n20degC,610_Charge5.csv,190,15,190,2
n20degC,607_C20DisCh.csv,2150,15,2150,1
n20degC,610_Charge3.csv,190,15,190,0
n20degC,610_Charge8.csv,192,15,192,2
n20degC,610_Mixed1.csv,45343,15,45343,1
n20degC,610_Cap_1C.csv,270,15,270,2
n20degC,607_HPPC.csv,36067,15,36067,181
n20degC,610_HWFET.csv,33345,15,33345,0
n20degC,610_Charge7.csv,191,15,191,2
n20degC,611_Charge13.csv,190,15,190,3
n20degC,611_Mixed4.csv,46053,15,46053,1
n20degC,611_Charge11.csv,190,15,190,3
n20degC,611_Mixed3.csv,45163,15,45163,0
n20degC,611_Charge14.csv,190,15,190,3
n20degC,611_Mixed5.csv,45458,15,45458,1
n20degC,611_Charge15.csv,190,15,190,2
n20degC,610_Mixed2.csv,43043,15,43043,0
n20degC,611_Mixed8.csv,46763,15,46763,1
n20degC,610_UDDS.csv,81911,15,81911,1
n20degC,611_Mixed7.csv,40683,15,40683,1
n20degC,611_Charge9.csv,192,15,192,2
n20degC,611_Cap_1C.csv,264,15,264,1
n20degC,611_Charge17.csv,131,15,131,4
n20degC,610_US06.csv,27606,15,27606,1
n20degC,611_Mixed6.csv,44196,15,44196,1
n20degC,611_Charge12.csv,190,15,190,1
n20degC,611_Charge10.csv,191,15,191,3
n20degC,611_PausCycl.csv,16617,15,16617,0
